IP Address,Search DT,Product Name ,Member
242.133.4.177,2016-03-12 21:10,Custom Printed Oval Stickers,John_Doe@gmail.com
242.133.4.178,2009-08-28 13:56,Custom Printed Oval Stickers,Jane.Doe@outlook.com
242.133.4.179,2014-07-02 07:33,Custom Clear Stickers,Michael_Smith@yahoo.com
242.133.4.180,2012-07-05 07:39,Circle Stickers,Emily.Johnson@gmail.com
242.133.4.181,2015-12-08 09:20,Circle Stickers,David_Williams@outlook.com
242.133.4.182,2014-11-10 19:08,Custom Cling Stickers,Samantha.Jones@yahoo.com
242.133.4.183,2010-02-14 18:20,Circle Stickers,Christopher_Brown@gmail.com
242.133.4.184,2016-11-23 17:34,Transfer Stickers,Rachel.Davis@outlook.com
242.133.4.185,2016-01-16 04:38,Rounded Corner Stickers,James_Garcia@yahoo.com
242.133.4.186,2009-10-02 22:44,Custom Square Stickers,Olivia.Miller@gmail.com
242.133.4.187,2015-05-12 03:01,Die Cut Stickers,Robert_Taylor@outlook.com
242.133.4.188,2017-01-08 23:57,Custom Rectangle Stickers,Abigail.Wilson@yahoo.com
242.133.4.189,2016-03-30 15:10,Die Cut Stickers,William_Moore@gmail.com
242.133.4.190,2011-03-15 14:08,Design Your Own Vinyl Lettering,Elizabeth.Anderson@outlook.com
242.133.4.191,2012-01-11 09:44,Circle Stickers,Joseph_Thomas@yahoo.com
242.133.4.192,2010-11-04 04:44,Die Cut Stickers,Sarah.Jackson@gmail.com
242.133.4.193,2012-01-09 11:26,Custom Cling Stickers,Charles_White@outlook.com
242.133.4.194,2010-11-03 16:12,Multi-Color Transfer Stickers,Madison.Harris@yahoo.com
242.133.4.195,2015-10-12 15:08,Transfer Stickers,George_Martin@gmail.com
242.133.4.196,2010-04-09 06:57,Custom Cling Stickers,Emily.Thompson@outlook.com
242.133.4.197,2009-07-11 19:34,Transfer Stickers,Richard_Gonzalez@yahoo.com
242.133.4.198,2011-05-23 11:43,Custom Rectangle Stickers,Abigail.Clark@gmail.com
242.133.4.199,2011-03-12 20:25,Custom Cling Stickers,David_Lewis@outlook.com
242.133.4.200,2017-06-27 21:49,Multi-Color Transfer Stickers,Rachel.Robinson@yahoo.com
242.133.4.201,2014-12-17 08:52,Transfer Stickers,John_Walker@gmail.com
242.133.4.202,2010-05-18 02:17,Custom Square Stickers,Jane.Perez@outlook.com
242.133.4.203,2013-03-05 08:23,Circle Stickers,Michael_Hall@yahoo.com
242.133.4.204,2015-09-22 10:07,Custom Rectangle Stickers,Emily.Young@gmail.com
242.133.4.205,2016-11-20 15:01,Custom Square Stickers,David_Allen@outlook.com
242.133.4.206,2009-07-14 16:09,Custom Clear Stickers,Samantha.King@yahoo.com
242.133.4.207,2010-06-09 20:51,Design Your Own Vinyl Lettering,Christopher_Wright@gmail.com
242.133.4.208,2009-08-12 15:03,Custom Clear Stickers,Rachel.Scott@outlook.com
242.133.4.209,2010-04-07 02:59,Multi-Color Transfer Stickers,James_Green@yahoo.com
242.133.4.210,2014-09-26 08:40,Multi-Color Transfer Stickers,Olivia.Baker@gmail.com
242.133.4.211,2015-05-30 04:56,Die Cut Stickers,Robert_Adams@outlook.com
242.133.4.212,2015-03-20 08:16,Custom Square Stickers,Abigail.Gonzalez@yahoo.com
242.133.4.213,2013-10-21 07:50,Custom Printed Oval Stickers,William_Nelson@gmail.com
242.133.4.214,2017-11-14 16:08,Custom Square Stickers,Elizabeth.Carter@outlook.com
242.133.4.215,2009-06-24 15:14,Die Cut Stickers,Joseph_Mitchell@yahoo.com
242.133.4.216,2016-08-25 03:42,Rounded Corner Stickers,Sarah.Peters@gmail.com
242.133.4.217,2011-01-03 10:23,Design Your Own Vinyl Lettering,Charles_Roberts@outlook.com
242.133.4.218,2013-08-06 14:10,Custom Square Stickers,Madison.Turner@yahoo.com
242.133.4.219,2010-05-27 13:01,Rounded Corner Stickers,George_Phillips@gmail.com
242.133.4.220,2009-07-16 17:35,Design Your Own Vinyl Lettering,Emily.Campbell@outlook.com
242.133.4.221,2017-11-17 10:57,Transfer Stickers,Richard_Parker@yahoo.com
242.133.4.222,2010-08-05 08:25,Die Cut Stickers,Abigail.Evans@gmail.com
242.133.4.223,2016-10-02 01:17,Die Cut Stickers,David_Edwards@outlook.com
242.133.4.224,2008-03-14 13:42,Custom Cling Stickers,Rachel.Collins@yahoo.com
242.133.4.225,2008-06-24 04:50,Die Cut Stickers,John_Stewart@gmail.com
242.133.4.226,2008-10-10 17:20,Circle Stickers,Jane.Sanchez@outlook.com
242.133.4.227,2009-07-03 02:37,Circle Stickers,Michael_Morris@yahoo.com
242.133.4.228,2011-05-06 03:45,Transfer Stickers,Emily.Rogers@gmail.com
242.133.4.229,2011-08-29 10:19,Die Cut Stickers,David_Reed@outlook.com
242.133.4.230,2016-06-29 21:33,Transfer Stickers,Samantha.Cook@yahoo.com
242.133.4.231,2014-02-15 14:45,Multi-Color Transfer Stickers,Christopher_Morgan@gmail.com
242.133.4.232,2012-05-12 15:42,Custom Cling Stickers,Rachel.Bell@outlook.com
242.133.4.233,2008-01-05 23:46,Custom Square Stickers,James_Murphy@yahoo.com
242.133.4.234,2009-08-26 13:13,Custom Square Stickers,Olivia.Bailey@gmail.com
242.133.4.235,2012-08-21 02:50,Custom Square Stickers,Robert_Rivera@outlook.com
242.133.4.236,2014-07-11 10:46,Rounded Corner Stickers,Abigail.Cooper@yahoo.com
242.133.4.237,2009-07-03 20:43,Custom Cling Stickers,William_Richardson@gmail.com
242.133.4.238,2017-09-25 08:50,Custom Cling Stickers,Elizabeth.Cox@outlook.com
242.133.4.239,2010-03-18 13:48,Die Cut Stickers,Joseph_Howard@yahoo.com
242.133.4.240,2014-08-25 04:55,Rounded Corner Stickers,Sarah.Ward@gmail.com
242.133.4.241,2013-03-28 09:48,Circle Stickers,Charles_Torres@outlook.com
242.133.4.242,2010-12-12 22:44,Design Your Own Vinyl Lettering,George_Davis@gmail.com
242.133.4.243,2012-07-21 15:28,Design Your Own Vinyl Lettering,Emily.Miller@outlook.com
242.133.4.244,2010-03-10 20:17,Custom Rectangle Stickers,Richard_Wilson@yahoo.com
242.133.4.245,2012-05-05 20:52,Design Your Own Vinyl Lettering,Abigail.Moore@gmail.com
242.133.4.246,2009-02-28 12:30,Multi-Color Transfer Stickers,David_Taylor@outlook.com
242.133.4.247,2011-01-19 03:01,Rounded Corner Stickers,Rachel.Anderson@yahoo.com
242.133.4.248,2009-12-12 23:08,Rounded Corner Stickers,John_Thomas@gmail.com
242.133.4.249,2016-11-10 00:58,Circle Stickers,Jane.Jackson@outlook.com
242.133.4.250,2009-10-29 22:57,Custom Printed Oval Stickers,Michael_White@yahoo.com
242.133.4.251,2016-10-25 00:18,Multi-Color Transfer Stickers,Emily.Harris@gmail.com
242.133.4.252,2009-01-15 01:30,Custom Square Stickers,David_Martin@outlook.com
242.133.4.253,2012-10-18 01:22,Multi-Color Transfer Stickers,Samantha.Thompson@yahoo.com
242.133.4.254,2013-10-21 22:14,Custom Cling Stickers,Christopher_Gonzalez@gmail.com
242.133.4.255,2012-06-03 16:03,Custom Printed Oval Stickers,Rachel.Clark@outlook.com
242.133.4.256,2015-11-12 19:07,Die Cut Stickers,James_Lewis@yahoo.com
242.133.4.257,2012-10-31 06:18,Multi-Color Transfer Stickers,Olivia.Robinson@gmail.com
242.133.4.258,2015-01-23 06:29,Rounded Corner Stickers,Robert_Walker@outlook.com
242.133.4.259,2015-02-22 04:06,Custom Clear Stickers,Abigail.Perez@yahoo.com
242.133.4.260,2011-01-11 19:09,Design Your Own Vinyl Lettering,William_Hall@gmail.com
242.133.4.261,2008-06-19 03:38,Rounded Corner Stickers,Elizabeth.Young@outlook.com
242.133.4.262,2012-10-28 03:18,Multi-Color Transfer Stickers,Joseph_Allen@yahoo.com
242.133.4.263,2011-06-02 13:49,Custom Rectangle Stickers,Sarah.King@gmail.com
242.133.4.264,2015-05-22 05:25,Circle Stickers,Charles_Wright@outlook.com
242.133.4.265,2012-07-26 19:19,Custom Rectangle Stickers,Madison.Scott@yahoo.com
242.133.4.266,2016-04-11 23:23,Design Your Own Vinyl Lettering,George_Green@gmail.com
242.133.4.267,2010-10-04 02:00,Multi-Color Transfer Stickers,Emily.Baker@outlook.com
242.133.4.268,2009-07-27 23:13,Design Your Own Vinyl Lettering,Richard_Adams@yahoo.com
242.133.4.269,2011-08-09 18:39,Custom Cling Stickers,Abigail.Gonzalez@gmail.com
242.133.4.270,2014-05-23 13:40,Circle Stickers,David_Nelson@outlook.com
242.133.4.271,2008-12-06 19:59,Design Your Own Vinyl Lettering,Rachel.Carter@yahoo.com
242.133.4.272,2013-05-20 04:42,Custom Printed Oval Stickers,John_Mitchell@gmail.com
242.133.4.273,2011-11-13 21:27,Custom Square Stickers,Jane.Peters@outlook.com
242.133.4.274,2011-06-17 00:47,Custom Cling Stickers,Michael_Roberts@yahoo.com
242.133.4.275,2016-10-25 01:52,Custom Printed Oval Stickers,Emily.Turner@gmail.com
242.133.4.276,2015-07-08 14:56,Custom Cling Stickers,David_Phillips@outlook.com
242.133.4.277,2017-11-23 11:13,Design Your Own Vinyl Lettering,Samantha.Campbell@yahoo.com
242.133.4.278,2013-07-07 11:23,Multi-Color Transfer Stickers,Christopher_Parker@gmail.com
242.133.4.279,2013-06-30 03:15,Transfer Stickers,Rachel.Evans@outlook.com
242.133.4.280,2016-09-19 11:28,Custom Cling Stickers,James_Edwards@yahoo.com
242.133.4.281,2014-01-18 13:32,Multi-Color Transfer Stickers,Olivia.Collins@gmail.com
242.133.4.282,2010-01-14 20:09,Custom Rectangle Stickers,Robert_Stewart@outlook.com
242.133.4.283,2010-08-29 11:13,Custom Square Stickers,Abigail.Sanchez@yahoo.com
242.133.4.284,2010-05-03 07:38,Custom Rectangle Stickers,William_Morris@gmail.com
242.133.4.285,2009-04-29 21:37,Rounded Corner Stickers,Elizabeth.Rogers@outlook.com
242.133.4.286,2010-09-22 04:20,Die Cut Stickers,Joseph_Reed@yahoo.com
242.133.4.287,2016-11-27 03:22,Custom Clear Stickers,Sarah.Cook@gmail.com
242.133.4.288,2012-06-19 03:40,Custom Printed Oval Stickers,Charles_Morgan@outlook.com
242.133.4.289,2008-05-26 19:00,Custom Rectangle Stickers,Madison.Bell@yahoo.com
242.133.4.290,2014-04-11 07:13,Design Your Own Vinyl Lettering,George_Murphy@gmail.com
242.133.4.291,2016-02-04 04:19,Rounded Corner Stickers,Emily.Bailey@outlook.com
242.133.4.292,2008-06-03 21:15,Transfer Stickers,Richard_Rivera@yahoo.com
242.133.4.293,2009-06-12 02:47,Rounded Corner Stickers,Abigail.Cooper@gmail.com
242.133.4.294,2014-09-12 20:01,Multi-Color Transfer Stickers,David_Richardson@outlook.com
242.133.4.295,2013-10-03 20:27,Circle Stickers,Rachel.Cox@yahoo.com
242.133.4.296,2017-03-03 20:24,Die Cut Stickers,John_Howard@gmail.com
242.133.4.297,2009-08-26 12:17,Custom Printed Oval Stickers,Jane.Ward@outlook.com
242.133.4.298,2010-01-25 11:15,Multi-Color Transfer Stickers,Michael_Torres@yahoo.com
242.133.4.299,2013-11-08 09:13,Custom Clear Stickers,Emily.Peterson@gmail.com
242.133.4.300,2010-11-21 06:06,Circle Stickers,David_Gray@outlook.com
242.133.4.301,2016-09-26 02:22,Custom Printed Oval Stickers,Samantha.Price@yahoo.com
242.133.4.302,2011-12-06 01:12,Custom Rectangle Stickers,Christopher_Bryant@gmail.com
242.133.4.303,2010-11-04 10:05,Custom Cling Stickers,Rachel.Mason@outlook.com
242.133.4.304,2015-01-29 16:43,Custom Printed Oval Stickers,James_Barnes@yahoo.com
242.133.4.305,2009-01-23 16:54,Multi-Color Transfer Stickers,Olivia.Olsen@gmail.com
242.133.4.306,2012-09-01 20:34,Custom Clear Stickers,Robert_Perkins@outlook.com
242.133.4.307,2010-08-05 02:55,Circle Stickers,Abigail.Hansen@yahoo.com
242.133.4.308,2015-03-03 19:14,Custom Square Stickers,William_Fernandez@gmail.com
242.133.4.309,2012-07-23 02:53,Die Cut Stickers,Elizabeth.Hartman@outlook.com
242.133.4.310,2014-02-01 13:47,Custom Rectangle Stickers,Joseph_McDonald@yahoo.com
242.133.4.311,2008-11-06 18:54,Custom Square Stickers,Sarah.Rios@gmail.com
242.133.4.312,2011-08-29 10:05,Custom Rectangle Stickers,Charles_Butler@outlook.com
242.133.4.313,2014-10-15 20:42,Design Your Own Vinyl Lettering,Madison.Black@yahoo.com
242.133.4.314,2017-05-19 03:48,Custom Square Stickers,George_Watkins@gmail.com
242.133.4.315,2016-07-12 10:00,Multi-Color Transfer Stickers,Emily.Sims@outlook.com
242.133.4.316,2008-09-17 05:19,Transfer Stickers,Richard_Barron@yahoo.com
242.133.4.317,2017-07-06 07:53,Design Your Own Vinyl Lettering,Abigail.Arroyo@gmail.com
242.133.4.318,2014-10-26 23:21,Custom Square Stickers,David_Pena@outlook.com
242.133.4.319,2010-06-24 04:40,Transfer Stickers,Rachel.Brady@yahoo.com
242.133.4.320,2009-06-09 11:23,Design Your Own Vinyl Lettering,John_Brock@gmail.com
242.133.4.321,2012-02-10 05:01,Custom Printed Oval Stickers,Jane.Bautista@outlook.com
242.133.4.322,2015-10-03 14:34,Multi-Color Transfer Stickers,Michael_Blevins@yahoo.com
242.133.4.323,2014-09-12 06:31,Die Cut Stickers,Emily.Buchanan@gmail.com
242.133.4.324,2009-06-02 01:55,Die Cut Stickers,David_Buckley@outlook.com
242.133.4.325,2016-03-09 15:32,Custom Cling Stickers,Samantha.Buckner@yahoo.com
242.133.4.326,2009-07-09 09:49,Transfer Stickers,Christopher_Buck@gmail.com
242.133.4.327,2012-04-21 04:36,Design Your Own Vinyl Lettering,Rachel.Bui@outlook.com
242.133.4.328,2011-01-20 13:24,Multi-Color Transfer Stickers,James_Burch@yahoo.com
242.133.4.329,2013-11-20 22:19,Transfer Stickers,Olivia.Burke@gmail.com
242.133.4.330,2012-04-27 05:49,Circle Stickers,Robert_Burns@outlook.com
242.133.4.331,2015-09-22 12:58,Multi-Color Transfer Stickers,Abigail.Burton@yahoo.com
242.133.4.332,2011-11-06 04:02,Custom Cling Stickers,William_Bush@gmail.com
242.133.4.333,2013-05-26 04:25,Custom Cling Stickers,Elizabeth.Butler@outlook.com
242.133.4.334,2013-10-12 20:50,Die Cut Stickers,Joseph_Byrd@yahoo.com
242.133.4.335,2016-11-12 16:20,Multi-Color Transfer Stickers,Sarah.Cabrera@gmail.com
242.133.4.336,2008-06-10 11:40,Custom Square Stickers,Charles_Cain@outlook.com
242.133.4.337,2017-10-18 12:30,Custom Printed Oval Stickers,Madison.Calderon@yahoo.com
242.133.4.338,2012-06-20 22:33,Multi-Color Transfer Stickers,George_Caldwell@gmail.com
242.133.4.339,2013-07-22 20:03,Custom Square Stickers,Emily.Calhoun@outlook.com
242.133.4.340,2010-04-11 08:38,Custom Rectangle Stickers,Richard_Callahan@yahoo.com
242.133.4.341,2012-06-17 17:51,Custom Printed Oval Stickers,Abigail.Camacho@gmail.com
242.133.4.342,2013-08-26 07:32,Circle Stickers,David_Cameron@outlook.com
242.133.4.343,2015-01-27 23:58,Custom Cling Stickers,Rachel.Campos@yahoo.com
242.133.4.344,2008-03-07 21:47,Multi-Color Transfer Stickers,John_Cantrell@gmail.com
242.133.4.345,2010-03-10 19:11,Rounded Corner Stickers,Jane.Cantu@outlook.com
242.133.4.346,2008-07-13 08:09,Custom Square Stickers,Michael_Cardenas@yahoo.com
242.133.4.347,2017-10-05 09:00,Rounded Corner Stickers,Emily.Carey@gmail.com
242.133.4.348,2009-11-01 23:30,Design Your Own Vinyl Lettering,David_Carlson@outlook.com
242.133.4.349,2014-10-22 22:04,Design Your Own Vinyl Lettering,Samantha.Carney@yahoo.com
242.133.4.350,2014-01-13 02:44,Custom Rectangle Stickers,Christopher_Carpenter@gmail.com
242.133.4.351,2011-09-02 12:19,Circle Stickers,Rachel.Carr@outlook.com
242.133.4.352,2016-05-05 18:11,Custom Cling Stickers,James_Carrillo@yahoo.com
242.133.4.353,2013-08-29 22:26,Custom Printed Oval Stickers,Olivia.Carroll@gmail.com
242.133.4.354,2013-07-25 04:11,Custom Clear Stickers,Robert_Carson@outlook.com
242.133.4.355,2016-07-26 21:19,Circle Stickers,Abigail.Carter@yahoo.com
242.133.4.356,2016-05-11 09:00,Design Your Own Vinyl Lettering,William_Casey@gmail.com
242.133.4.357,2008-03-02 10:04,Rounded Corner Stickers,Elizabeth.Cash@outlook.com
242.133.4.358,2016-12-20 11:39,Design Your Own Vinyl Lettering,Joseph_Castillo@yahoo.com
242.133.4.359,2014-05-13 01:36,Rounded Corner Stickers,Sarah.Castro@gmail.com
242.133.4.360,2014-06-23 15:50,Custom Square Stickers,Charles_Cervantes@outlook.com
242.133.4.361,2012-04-26 08:49,Transfer Stickers,Madison.Chambers@yahoo.com
242.133.4.362,2009-09-12 02:14,Circle Stickers,George_Chandler@gmail.com
242.133.4.363,2016-08-07 13:38,Custom Cling Stickers,Emily.Chapman@outlook.com
242.133.4.364,2015-03-01 01:38,Custom Rectangle Stickers,Richard_Charles@yahoo.com
242.133.4.365,2014-02-24 22:52,Custom Rectangle Stickers,Abigail.Chavez@gmail.com
242.133.4.366,2012-02-19 04:29,Transfer Stickers,David_Chen@outlook.com
242.133.4.367,2014-05-29 03:07,Custom Rectangle Stickers,Rachel.Chery@yahoo.com
242.133.4.368,2009-11-25 16:10,Custom Printed Oval Stickers,John_Cheung@gmail.com
242.133.4.369,2012-07-07 16:12,Multi-Color Transfer Stickers,Jane.Childers@outlook.com
242.133.4.370,2010-03-11 20:05,Custom Square Stickers,Michael_Chung@yahoo.com
242.133.4.371,2012-10-15 00:25,Circle Stickers,Emily.Church@gmail.com
242.133.4.372,2013-05-08 05:01,Custom Square Stickers,David_Clark@outlook.com
242.133.4.373,2008-07-17 21:57,Design Your Own Vinyl Lettering,Samantha.Clarke@yahoo.com
242.133.4.374,2015-08-12 21:19,Custom Rectangle Stickers,Christopher_Clay@gmail.com
242.133.4.375,2016-10-11 01:38,Custom Printed Oval Stickers,Rachel.Clayton@outlook.com
242.133.4.376,2014-09-21 09:49,Custom Printed Oval Stickers,Sara.Ramirez23@gmail.com
242.133.4.354,2008-06-03 10:15,Multi-Color Transfer Stickers,Elizabeth.Young@outlook.com
242.133.4.318,2008-10-27 10:19,Rounded Corner Stickers,Abigail.Gonzalez@gmail.com
242.133.4.333,2012-05-13 03:16,Transfer Stickers,Michael_Blevins@yahoo.com
242.133.4.315,2009-03-22 11:56,Custom Cling Stickers,Emily.Carey@gmail.com
242.133.4.234,2014-03-21 05:22,Custom Printed Oval Stickers,Olivia.Collins@gmail.com
242.133.4.338,2011-04-07 23:37,Custom Printed Oval Stickers,David_Richardson@outlook.com
242.133.4.323,2015-05-06 00:42,Design Your Own Vinyl Lettering,Samantha.Campbell@yahoo.com
242.133.4.182,2011-06-11 07:03,Rounded Corner Stickers,Emily.Rogers@gmail.com
242.133.4.260,2018-01-02 19:09,Circle Stickers,Elizabeth.Butler@outlook.com
242.133.4.191,2014-05-08 05:30,Die Cut Stickers,Rachel.Chery@yahoo.com
242.133.4.224,2012-12-09 07:04,Circle Stickers,Samantha.Price@yahoo.com
242.133.4.242,2015-09-14 09:47,Multi-Color Transfer Stickers,Joseph_Castillo@yahoo.com
242.133.4.273,2014-04-20 04:23,Custom Rectangle Stickers,Charles_Morgan@outlook.com
242.133.4.322,2008-06-01 16:57,Die Cut Stickers,David_Martin@outlook.com
242.133.4.352,2011-02-09 03:53,Design Your Own Vinyl Lettering,Christopher_Bryant@gmail.com
242.133.4.360,2017-12-01 03:37,Design Your Own Vinyl Lettering,Robert_Burns@outlook.com
242.133.4.222,2013-09-22 23:01,Custom Rectangle Stickers,Rachel.Bui@outlook.com
242.133.4.304,2013-08-16 16:50,Transfer Stickers,John_Cantrell@gmail.com
242.133.4.372,2017-02-18 21:45,Rounded Corner Stickers,John_Thomas@gmail.com
242.133.4.218,2014-11-16 06:02,Multi-Color Transfer Stickers,Abigail.Moore@gmail.com
242.133.4.211,2017-10-06 07:10,Custom Clear Stickers,Emily.Campbell@outlook.com
242.133.4.204,2015-07-08 15:44,Custom Square Stickers,Abigail.Clark@gmail.com
242.133.4.287,2012-02-29 07:25,Transfer Stickers,Abigail.Wilson@yahoo.com
242.133.4.255,2013-11-03 11:36,Custom Cling Stickers,Joseph_Reed@yahoo.com
242.133.4.313,2013-08-20 19:45,Transfer Stickers,Rachel.Robinson@yahoo.com
242.133.4.332,2010-05-21 01:12,Custom Cling Stickers,Madison.Chambers@yahoo.com
242.133.4.360,2014-06-22 08:59,Rounded Corner Stickers,Charles_Wright@outlook.com
242.133.4.196,2013-03-03 00:01,Circle Stickers,Samantha.Thompson@yahoo.com
242.133.4.325,2013-10-05 20:52,Custom Rectangle Stickers,Madison.Bell@yahoo.com
242.133.4.353,2008-10-09 03:37,Rounded Corner Stickers,Emily.Rogers@gmail.com
242.133.4.201,2016-08-05 10:27,Die Cut Stickers,William_Moore@gmail.com
242.133.4.313,2017-07-18 20:06,Custom Rectangle Stickers,Jane.Peters@outlook.com
242.133.4.311,2015-11-14 03:33,Custom Rectangle Stickers,Emily.Peterson@gmail.com
242.133.4.362,2013-11-29 13:17,Custom Rectangle Stickers,John_Doe@gmail.com
242.133.4.235,2016-07-17 20:54,Custom Square Stickers,Abigail.Hansen@yahoo.com
242.133.4.310,2016-11-29 09:30,Multi-Color Transfer Stickers,Rachel.Brady@yahoo.com
242.133.4.365,2017-02-22 22:09,Design Your Own Vinyl Lettering,John_Cantrell@gmail.com
242.133.4.373,2012-08-11 16:17,Rounded Corner Stickers,Madison.Calderon@yahoo.com
242.133.4.346,2009-02-13 19:14,Custom Printed Oval Stickers,George_Caldwell@gmail.com
242.133.4.347,2017-11-06 04:54,Die Cut Stickers,William_Bush@gmail.com
242.133.4.369,2009-05-27 01:33,Custom Clear Stickers,Joseph_Thomas@yahoo.com
242.133.4.276,2012-02-18 07:38,Custom Square Stickers,Abigail.Chavez@gmail.com
242.133.4.217,2010-09-18 06:44,Die Cut Stickers,Richard_Gonzalez@yahoo.com
242.133.4.254,2015-09-20 02:01,Custom Square Stickers,Samantha.Cook@yahoo.com
242.133.4.315,2013-04-08 05:01,Design Your Own Vinyl Lettering,Rachel.Carter@yahoo.com
242.133.4.279,2012-12-18 18:23,Custom Cling Stickers,David_Reed@outlook.com
242.133.4.297,2012-04-10 01:23,Multi-Color Transfer Stickers,Christopher_Clay@gmail.com
242.133.4.225,2015-12-27 00:26,Die Cut Stickers,Michael_Cardenas@yahoo.com
242.133.4.195,2011-04-26 17:30,Custom Rectangle Stickers,Michael_Smith@yahoo.com
242.133.4.290,2015-11-20 20:12,Custom Clear Stickers,John_Stewart@gmail.com
242.133.4.349,2010-06-30 00:18,Custom Square Stickers,Joseph_Allen@yahoo.com
242.133.4.346,2008-01-19 09:45,Custom Cling Stickers,Richard_Parker@yahoo.com
242.133.4.293,2017-03-02 02:10,Custom Cling Stickers,John_Doe@gmail.com
242.133.4.334,2017-12-30 08:02,Custom Printed Oval Stickers,Jane.Doe@outlook.com
242.133.4.273,2012-04-30 18:49,Custom Cling Stickers,Michael_Smith@yahoo.com
242.133.4.192,2011-09-08 15:10,Custom Rectangle Stickers,Emily.Johnson@gmail.com
242.133.4.203,2014-06-16 12:46,Custom Cling Stickers,David_Williams@outlook.com
242.133.4.369,2013-11-19 14:26,Custom Rectangle Stickers,Samantha.Jones@yahoo.com
242.133.4.286,2009-11-27 21:00,Custom Square Stickers,Christopher_Brown@gmail.com
242.133.4.353,2008-05-21 16:25,Die Cut Stickers,Rachel.Davis@outlook.com
242.133.4.313,2016-08-01 11:49,Circle Stickers,James_Garcia@yahoo.com
242.133.4.258,2012-11-26 11:38,Custom Rectangle Stickers,Olivia.Miller@gmail.com
242.133.4.177,2010-04-14 05:42,Custom Clear Stickers,Robert_Taylor@outlook.com
242.133.4.298,2010-11-20 23:51,Custom Printed Oval Stickers,Abigail.Wilson@yahoo.com
242.133.4.345,2014-12-09 09:22,Transfer Stickers,William_Moore@gmail.com
242.133.4.317,2014-09-12 13:10,Rounded Corner Stickers,Elizabeth.Anderson@outlook.com
242.133.4.370,2012-03-15 03:09,Custom Clear Stickers,Joseph_Thomas@yahoo.com
242.133.4.264,2015-12-29 08:07,Custom Clear Stickers,Sarah.Jackson@gmail.com
242.133.4.263,2008-07-06 09:02,Custom Clear Stickers,Charles_White@outlook.com
242.133.4.321,2011-04-13 08:15,Custom Clear Stickers,Madison.Harris@yahoo.com
242.133.4.186,2008-11-06 19:15,Die Cut Stickers,George_Martin@gmail.com
242.133.4.236,2012-03-06 18:49,Custom Rectangle Stickers,Emily.Thompson@outlook.com
242.133.4.259,2009-01-22 18:49,Custom Cling Stickers,Richard_Gonzalez@yahoo.com
242.133.4.195,2009-12-07 14:40,Die Cut Stickers,Abigail.Clark@gmail.com
242.133.4.216,2008-08-02 10:13,Circle Stickers,David_Lewis@outlook.com
242.133.4.279,2011-06-05 17:02,Custom Rectangle Stickers,Rachel.Robinson@yahoo.com
242.133.4.308,2013-10-26 13:26,Custom Clear Stickers,John_Walker@gmail.com
242.133.4.252,2012-05-27 11:48,Design Your Own Vinyl Lettering,Jane.Perez@outlook.com
242.133.4.219,2013-11-28 20:47,Custom Cling Stickers,Michael_Hall@yahoo.com
242.133.4.334,2017-07-13 23:44,Custom Cling Stickers,Emily.Young@gmail.com
242.133.4.301,2015-05-31 18:20,Rounded Corner Stickers,Samantha.Price@yahoo.com
242.133.4.247,2017-11-04 13:17,Custom Printed Oval Stickers,Rachel.Anderson@yahoo.com
242.133.4.278,2011-04-17 10:25,Rounded Corner Stickers,Christopher_Parker@gmail.com
242.133.4.269,2012-03-31 15:43,Multi-Color Transfer Stickers,Abigail.Gonzalez@gmail.com
242.133.4.374,2013-05-06 10:16,Circle Stickers,Christopher_Clay@gmail.com
242.133.4.255,2015-07-21 05:51,Custom Printed Oval Stickers,Rachel.Clark@outlook.com
242.133.4.321,2015-03-13 13:08,Custom Cling Stickers,Jane.Bautista@outlook.com
242.133.4.256,2011-08-27 20:34,Die Cut Stickers,James_Lewis@yahoo.com
242.133.4.280,2009-06-18 17:46,Transfer Stickers,James_Edwards@yahoo.com
242.133.4.208,2016-03-22 07:55,Custom Clear Stickers,Rachel.Scott@outlook.com
242.133.4.230,2017-12-24 04:20,Multi-Color Transfer Stickers,Samantha.Cook@yahoo.com
242.133.4.361,2017-03-22 10:53,Die Cut Stickers,Madison.Chambers@yahoo.com
242.133.4.301,2010-01-23 15:13,Design Your Own Vinyl Lettering,Samantha.Price@yahoo.com
242.133.4.260,2010-08-28 21:26,Design Your Own Vinyl Lettering,William_Hall@gmail.com
242.133.4.308,2012-10-07 22:51,Transfer Stickers,William_Fernandez@gmail.com
242.133.4.182,2014-04-27 10:46,Multi-Color Transfer Stickers,Samantha.Jones@yahoo.com
242.133.4.294,2015-09-07 16:55,Multi-Color Transfer Stickers,David_Richardson@outlook.com
242.133.4.194,2009-07-18 15:38,Multi-Color Transfer Stickers,Madison.Harris@yahoo.com
242.133.4.204,2010-04-17 13:13,Custom Cling Stickers,Emily.Young@gmail.com
242.133.4.289,2012-04-10 18:58,Circle Stickers,Madison.Bell@yahoo.com
242.133.4.328,2011-09-07 22:57,Custom Rectangle Stickers,James_Burch@yahoo.com
242.133.4.195,2013-11-08 22:31,Rounded Corner Stickers,George_Martin@gmail.com
242.133.4.309,2010-12-29 20:26,Custom Cling Stickers,Elizabeth.Hartman@outlook.com
242.133.4.304,2010-12-07 13:11,Custom Clear Stickers,James_Barnes@yahoo.com
242.133.4.192,2009-08-02 06:58,Multi-Color Transfer Stickers,Sarah.Jackson@gmail.com
242.133.4.264,2016-06-23 11:26,Custom Printed Oval Stickers,Charles_Wright@outlook.com
242.133.4.286,2016-08-09 23:08,Transfer Stickers,Joseph_Reed@yahoo.com
242.133.4.255,2015-01-17 02:29,Design Your Own Vinyl Lettering,Rachel.Clark@outlook.com
242.133.4.227,2014-01-30 16:54,Multi-Color Transfer Stickers,Michael_Morris@yahoo.com
242.133.4.179,2017-03-09 17:44,Circle Stickers,Michael_Smith@yahoo.com
242.133.4.372,2010-03-22 23:56,Design Your Own Vinyl Lettering,David_Clark@outlook.com
242.133.4.243,2013-12-29 22:14,Circle Stickers,Emily.Miller@outlook.com
242.133.4.290,2015-12-25 07:09,Design Your Own Vinyl Lettering,George_Murphy@gmail.com
242.133.4.252,2009-04-16 11:15,Circle Stickers,David_Martin@outlook.com
242.133.4.253,2015-08-06 15:33,Multi-Color Transfer Stickers,Samantha.Thompson@yahoo.com
242.133.4.187,2017-06-13 17:02,Custom Printed Oval Stickers,Robert_Taylor@outlook.com
242.133.4.247,2017-04-08 21:21,Design Your Own Vinyl Lettering,Rachel.Anderson@yahoo.com
242.133.4.220,2012-09-09 10:31,Transfer Stickers,Emily.Campbell@outlook.com
242.133.4.240,2012-08-28 10:03,Custom Square Stickers,Sarah.Ward@gmail.com
242.133.4.277,2010-06-21 13:22,Die Cut Stickers,Samantha.Campbell@yahoo.com
242.133.4.260,2010-03-04 10:25,Multi-Color Transfer Stickers,William_Hall@gmail.com
242.133.4.344,2011-10-08 16:45,Custom Cling Stickers,John_Cantrell@gmail.com
242.133.4.218,2016-08-06 07:29,Custom Square Stickers,Madison.Turner@yahoo.com
242.133.4.189,2014-04-27 13:48,Design Your Own Vinyl Lettering,William_Moore@gmail.com
242.133.4.369,2012-06-07 01:31,Design Your Own Vinyl Lettering,Jane.Childers@outlook.com
242.133.4.276,2008-11-28 16:24,Design Your Own Vinyl Lettering,David_Phillips@outlook.com
242.133.4.221,2009-06-12 13:55,Design Your Own Vinyl Lettering,Richard_Parker@yahoo.com
242.133.4.302,2012-10-24 01:49,Multi-Color Transfer Stickers,Christopher_Bryant@gmail.com
242.133.4.278,2009-07-18 14:16,Transfer Stickers,Christopher_Parker@gmail.com
242.133.4.264,2014-02-01 21:02,Custom Square Stickers,Charles_Wright@outlook.com
242.133.4.316,2015-01-16 20:41,Die Cut Stickers,Richard_Barron@yahoo.com
242.133.4.233,2017-03-01 02:39,Custom Cling Stickers,James_Murphy@yahoo.com
242.133.4.316,2011-10-22 06:50,Custom Rectangle Stickers,Richard_Barron@yahoo.com
242.133.4.219,2009-09-17 10:45,Design Your Own Vinyl Lettering,George_Phillips@gmail.com
242.133.4.355,2013-04-20 02:48,Custom Square Stickers,Abigail.Carter@yahoo.com
242.133.4.269,2010-06-24 06:00,Multi-Color Transfer Stickers,Abigail.Gonzalez@gmail.com
242.133.4.363,2010-09-12 08:57,Circle Stickers,Emily.Chapman@outlook.com
242.133.4.189,2008-01-09 02:50,Die Cut Stickers,William_Moore@gmail.com
242.133.4.213,2009-08-01 14:58,Transfer Stickers,William_Nelson@gmail.com
242.133.4.369,2011-08-30 06:58,Design Your Own Vinyl Lettering,Jane.Childers@outlook.com
242.133.4.322,2016-11-01 06:19,Custom Square Stickers,Michael_Blevins@yahoo.com
242.133.4.245,2012-01-19 06:14,Custom Rectangle Stickers,Abigail.Moore@gmail.com
242.133.4.182,2009-04-22 14:28,Transfer Stickers,Samantha.Jones@yahoo.com
242.133.4.296,2015-09-21 02:39,Custom Cling Stickers,John_Howard@gmail.com
242.133.4.194,2015-11-26 02:14,Custom Square Stickers,Madison.Harris@yahoo.com
242.133.4.283,2010-02-01 12:10,Design Your Own Vinyl Lettering,Abigail.Sanchez@yahoo.com
242.133.4.352,2017-10-01 12:04,Custom Cling Stickers,James_Carrillo@yahoo.com
242.133.4.336,2010-11-24 00:01,Multi-Color Transfer Stickers,Charles_Cain@outlook.com
242.133.4.306,2008-01-15 17:38,Multi-Color Transfer Stickers,Robert_Perkins@outlook.com
242.133.4.288,2015-11-06 15:41,Custom Square Stickers,Charles_Morgan@outlook.com
242.133.4.263,2013-01-21 09:08,Transfer Stickers,Sarah.King@gmail.com
242.133.4.259,2017-09-10 22:42,Rounded Corner Stickers,Abigail.Perez@yahoo.com
242.133.4.330,2014-05-16 17:38,Custom Cling Stickers,Robert_Burns@outlook.com
242.133.4.204,2017-03-27 02:54,Custom Clear Stickers,Emily.Young@gmail.com
242.133.4.214,2013-08-22 21:43,Multi-Color Transfer Stickers,Elizabeth.Carter@outlook.com
242.133.4.294,2009-09-25 08:18,Custom Printed Oval Stickers,David_Richardson@outlook.com
242.133.4.372,2008-06-26 22:31,Multi-Color Transfer Stickers,David_Clark@outlook.com
242.133.4.187,2017-12-11 13:54,Custom Clear Stickers,Robert_Taylor@outlook.com
242.133.4.342,2014-05-18 10:13,Custom Clear Stickers,David_Cameron@outlook.com
242.133.4.295,2016-02-07 21:01,Custom Rectangle Stickers,Rachel.Cox@yahoo.com
242.133.4.177,2015-08-05 22:25,Custom Rectangle Stickers,John_Doe@gmail.com
242.133.4.316,2011-09-25 06:21,Rounded Corner Stickers,Richard_Barron@yahoo.com
242.133.4.275,2010-02-02 19:46,Circle Stickers,Emily.Turner@gmail.com
242.133.4.208,2012-06-10 17:44,Design Your Own Vinyl Lettering,Rachel.Scott@outlook.com
242.133.4.202,2015-07-08 14:21,Die Cut Stickers,Jane.Perez@outlook.com
242.133.4.340,2014-01-19 12:59,Custom Clear Stickers,Richard_Callahan@yahoo.com
242.133.4.345,2012-02-16 05:21,Custom Rectangle Stickers,Jane.Cantu@outlook.com
242.133.4.230,2011-05-20 05:59,Multi-Color Transfer Stickers,Samantha.Cook@yahoo.com
242.133.4.224,2013-09-12 04:47,Multi-Color Transfer Stickers,Rachel.Collins@yahoo.com
242.133.4.269,2015-11-25 16:40,Transfer Stickers,Abigail.Gonzalez@gmail.com
242.133.4.295,2011-08-05 07:59,Transfer Stickers,Rachel.Cox@yahoo.com
242.133.4.246,2014-04-02 23:04,Custom Rectangle Stickers,David_Taylor@outlook.com
242.133.4.184,2017-10-22 00:25,Transfer Stickers,Rachel.Davis@outlook.com
242.133.4.325,2008-03-24 20:37,Custom Cling Stickers,Samantha.Buckner@yahoo.com
242.133.4.186,2016-05-13 17:46,Rounded Corner Stickers,Olivia.Miller@gmail.com
242.133.4.296,2010-01-07 00:03,Die Cut Stickers,John_Howard@gmail.com
242.133.4.227,2015-07-17 03:31,Custom Cling Stickers,Michael_Morris@yahoo.com
242.133.4.300,2016-04-13 15:04,Custom Cling Stickers,David_Gray@outlook.com
242.133.4.328,2012-09-23 19:38,Design Your Own Vinyl Lettering,James_Burch@yahoo.com
242.133.4.190,2011-12-03 22:04,Circle Stickers,Elizabeth.Anderson@outlook.com
242.133.4.232,2008-03-08 15:42,Custom Square Stickers,Rachel.Bell@outlook.com
242.133.4.339,2014-07-25 08:58,Multi-Color Transfer Stickers,Emily.Calhoun@outlook.com
242.133.4.316,2013-03-02 14:57,Custom Printed Oval Stickers,Richard_Barron@yahoo.com
242.133.4.276,2009-08-19 06:24,Multi-Color Transfer Stickers,David_Phillips@outlook.com
242.133.4.203,2009-12-24 01:32,Custom Square Stickers,Michael_Hall@yahoo.com
242.133.4.323,2016-12-11 15:29,Circle Stickers,Emily.Buchanan@gmail.com
242.133.4.232,2016-10-17 13:48,Multi-Color Transfer Stickers,Rachel.Bell@outlook.com
242.133.4.306,2015-05-27 00:12,Custom Rectangle Stickers,Robert_Perkins@outlook.com
242.133.4.313,2015-11-04 11:27,Custom Cling Stickers,Madison.Black@yahoo.com
242.133.4.212,2015-03-03 20:19,Rounded Corner Stickers,Abigail.Gonzalez@yahoo.com
242.133.4.252,2009-02-01 16:36,Custom Square Stickers,David_Martin@outlook.com
242.133.4.297,2016-05-25 22:13,Custom Cling Stickers,Jane.Ward@outlook.com
242.133.4.282,2016-10-17 00:45,Custom Square Stickers,Robert_Stewart@outlook.com
242.133.4.244,2013-02-01 15:17,Rounded Corner Stickers,Richard_Wilson@yahoo.com
242.133.4.201,2017-01-18 19:36,Die Cut Stickers,John_Walker@gmail.com
242.133.4.240,2016-09-01 03:05,Custom Printed Oval Stickers,Sarah.Ward@gmail.com
242.133.4.257,2013-12-04 12:39,Circle Stickers,Olivia.Robinson@gmail.com
242.133.4.222,2008-03-15 04:28,Design Your Own Vinyl Lettering,Abigail.Evans@gmail.com
242.133.4.327,2016-09-03 20:00,Transfer Stickers,Rachel.Bui@outlook.com
242.133.4.281,2012-07-24 03:08,Rounded Corner Stickers,Olivia.Collins@gmail.com
242.133.4.238,2008-04-11 14:35,Multi-Color Transfer Stickers,Elizabeth.Cox@outlook.com
242.133.4.351,2012-02-04 09:43,Multi-Color Transfer Stickers,Rachel.Carr@outlook.com
242.133.4.298,2013-12-25 10:54,Custom Printed Oval Stickers,Michael_Torres@yahoo.com
242.133.4.358,2008-12-11 09:50,Custom Rectangle Stickers,Joseph_Castillo@yahoo.com
242.133.4.198,2014-01-27 11:11,Transfer Stickers,Abigail.Clark@gmail.com
242.133.4.246,2008-09-28 08:40,Multi-Color Transfer Stickers,David_Taylor@outlook.com
242.133.4.227,2013-12-26 15:41,Custom Rectangle Stickers,Michael_Morris@yahoo.com
242.133.4.275,2008-02-19 13:27,Custom Cling Stickers,Emily.Turner@gmail.com
242.133.4.325,2017-05-22 22:18,Design Your Own Vinyl Lettering,Samantha.Buckner@yahoo.com
242.133.4.368,2014-09-15 01:38,Custom Printed Oval Stickers,John_Cheung@gmail.com
242.133.4.238,2017-10-15 21:44,Rounded Corner Stickers,Elizabeth.Cox@outlook.com
242.133.4.364,2008-03-06 19:06,Transfer Stickers,Richard_Charles@yahoo.com
242.133.4.376,2016-12-04 08:39,Custom Rectangle Stickers,Sara.Ramirez23@gmail.com
242.133.4.375,2013-03-13 00:25,Transfer Stickers,Rachel.Clayton@outlook.com
242.133.4.345,2012-03-28 23:23,Custom Square Stickers,Jane.Cantu@outlook.com
242.133.4.234,2017-06-16 18:44,Custom Square Stickers,Olivia.Bailey@gmail.com
242.133.4.281,2016-10-09 00:46,Design Your Own Vinyl Lettering,Olivia.Collins@gmail.com
242.133.4.317,2017-01-20 13:21,Custom Printed Oval Stickers,Abigail.Arroyo@gmail.com
242.133.4.306,2017-03-23 06:38,Multi-Color Transfer Stickers,Robert_Perkins@outlook.com
242.133.4.214,2016-07-28 19:04,Rounded Corner Stickers,Elizabeth.Carter@outlook.com
242.133.4.309,2016-03-26 11:18,Rounded Corner Stickers,Elizabeth.Hartman@outlook.com
242.133.4.254,2017-12-28 23:32,Circle Stickers,Christopher_Gonzalez@gmail.com
242.133.4.327,2017-09-28 02:23,Custom Square Stickers,Rachel.Bui@outlook.com
242.133.4.375,2012-09-02 05:26,Design Your Own Vinyl Lettering,Rachel.Clayton@outlook.com
242.133.4.370,2013-08-12 20:02,Die Cut Stickers,Michael_Chung@yahoo.com
242.133.4.317,2016-12-17 15:52,Multi-Color Transfer Stickers,Abigail.Arroyo@gmail.com
242.133.4.226,2013-05-07 14:49,Custom Cling Stickers,Jane.Sanchez@outlook.com
242.133.4.335,2016-09-25 00:03,Custom Printed Oval Stickers,Sarah.Cabrera@gmail.com
242.133.4.221,2011-12-30 02:57,Die Cut Stickers,Richard_Parker@yahoo.com
242.133.4.226,2013-10-22 22:59,Custom Clear Stickers,Jane.Sanchez@outlook.com
242.133.4.259,2014-03-08 03:45,Custom Square Stickers,Abigail.Perez@yahoo.com
242.133.4.265,2017-06-26 12:32,Circle Stickers,Madison.Scott@yahoo.com
242.133.4.311,2014-12-01 15:39,Custom Clear Stickers,Sarah.Rios@gmail.com
242.133.4.262,2010-10-15 19:43,Custom Cling Stickers,Joseph_Allen@yahoo.com
242.133.4.286,2011-12-15 02:27,Custom Square Stickers,Joseph_Reed@yahoo.com
242.133.4.202,2013-05-13 01:27,Custom Square Stickers,Jane.Perez@outlook.com
242.133.4.352,2014-12-23 14:36,Rounded Corner Stickers,James_Carrillo@yahoo.com
242.133.4.223,2009-05-16 11:40,Multi-Color Transfer Stickers,David_Edwards@outlook.com
242.133.4.279,2009-11-03 10:03,Custom Cling Stickers,Rachel.Evans@outlook.com
242.133.4.367,2008-05-01 20:54,Multi-Color Transfer Stickers,Rachel.Chery@yahoo.com
242.133.4.294,2017-09-15 09:53,Custom Cling Stickers,David_Richardson@outlook.com
242.133.4.317,2010-03-23 20:40,Transfer Stickers,Abigail.Arroyo@gmail.com
242.133.4.329,2012-04-28 23:55,Custom Printed Oval Stickers,Olivia.Burke@gmail.com
242.133.4.296,2009-01-20 12:00,Custom Clear Stickers,John_Howard@gmail.com
242.133.4.190,2015-01-18 16:48,Circle Stickers,Elizabeth.Anderson@outlook.com
242.133.4.362,2015-05-11 02:40,Custom Rectangle Stickers,George_Chandler@gmail.com
242.133.4.309,2015-02-01 17:38,Transfer Stickers,Elizabeth.Hartman@outlook.com
242.133.4.311,2015-11-19 17:45,Custom Cling Stickers,Sarah.Rios@gmail.com
242.133.4.265,2015-06-25 10:45,Custom Clear Stickers,Madison.Scott@yahoo.com
242.133.4.225,2009-08-28 08:52,Custom Printed Oval Stickers,John_Stewart@gmail.com
242.133.4.305,2015-07-07 01:30,Design Your Own Vinyl Lettering,Olivia.Olsen@gmail.com
242.133.4.365,2014-01-25 05:56,Custom Rectangle Stickers,Abigail.Chavez@gmail.com
242.133.4.364,2010-01-26 05:49,Multi-Color Transfer Stickers,Richard_Charles@yahoo.com
242.133.4.279,2008-01-13 02:48,Multi-Color Transfer Stickers,Rachel.Evans@outlook.com
242.133.4.195,2013-08-07 18:33,Circle Stickers,George_Martin@gmail.com
242.133.4.238,2017-10-16 18:24,Transfer Stickers,Elizabeth.Cox@outlook.com
242.133.4.330,2013-12-29 22:08,Custom Rectangle Stickers,Robert_Burns@outlook.com
242.133.4.264,2010-01-30 15:24,Custom Cling Stickers,Charles_Wright@outlook.com
242.133.4.374,2017-05-07 15:15,Transfer Stickers,Christopher_Clay@gmail.com
242.133.4.178,2012-01-02 19:37,Custom Square Stickers,Jane.Doe@outlook.com
242.133.4.322,2013-10-21 18:00,Custom Rectangle Stickers,Michael_Blevins@yahoo.com
242.133.4.202,2011-09-10 10:18,Transfer Stickers,Jane.Perez@outlook.com
242.133.4.204,2017-09-25 02:52,Rounded Corner Stickers,Emily.Young@gmail.com
242.133.4.326,2015-02-22 04:30,Multi-Color Transfer Stickers,Christopher_Buck@gmail.com
242.133.4.274,2012-09-01 03:57,Design Your Own Vinyl Lettering,Michael_Roberts@yahoo.com
242.133.4.261,2016-09-18 09:10,Custom Clear Stickers,Elizabeth.Young@outlook.com
242.133.4.225,2009-09-19 08:40,Design Your Own Vinyl Lettering,John_Stewart@gmail.com
242.133.4.308,2014-11-25 02:13,Multi-Color Transfer Stickers,William_Fernandez@gmail.com
242.133.4.364,2016-04-08 20:26,Custom Square Stickers,Richard_Charles@yahoo.com
242.133.4.352,2010-12-17 20:13,Rounded Corner Stickers,James_Carrillo@yahoo.com
242.133.4.337,2012-07-18 11:04,Multi-Color Transfer Stickers,Madison.Calderon@yahoo.com
242.133.4.225,2010-08-06 21:32,Custom Square Stickers,John_Stewart@gmail.com
242.133.4.234,2013-10-15 23:12,Design Your Own Vinyl Lettering,Olivia.Bailey@gmail.com
242.133.4.299,2016-07-04 01:36,Custom Square Stickers,Emily.Peterson@gmail.com
242.133.4.284,2017-02-27 17:49,Rounded Corner Stickers,William_Morris@gmail.com
242.133.4.303,2016-06-13 00:32,Circle Stickers,Rachel.Mason@outlook.com
242.133.4.267,2009-03-08 12:49,Transfer Stickers,Emily.Baker@outlook.com
242.133.4.371,2014-07-07 11:22,Custom Cling Stickers,Emily.Church@gmail.com
242.133.4.219,2017-11-19 06:28,Circle Stickers,George_Phillips@gmail.com
242.133.4.373,2017-06-15 03:02,Die Cut Stickers,Samantha.Clarke@yahoo.com
242.133.4.336,2015-12-04 00:50,Design Your Own Vinyl Lettering,Charles_Cain@outlook.com
242.133.4.343,2011-12-09 18:07,Transfer Stickers,Rachel.Campos@yahoo.com
242.133.4.316,2017-12-05 22:03,Rounded Corner Stickers,Richard_Barron@yahoo.com
242.133.4.205,2013-09-29 08:41,Transfer Stickers,David_Allen@outlook.com
242.133.4.213,2010-11-30 18:34,Transfer Stickers,William_Nelson@gmail.com
242.133.4.349,2014-12-09 21:49,Multi-Color Transfer Stickers,Samantha.Carney@yahoo.com
242.133.4.264,2010-11-03 14:32,Custom Printed Oval Stickers,Charles_Wright@outlook.com
242.133.4.202,2008-09-06 15:56,Custom Square Stickers,Jane.Perez@outlook.com
242.133.4.315,2010-11-14 14:35,Rounded Corner Stickers,Emily.Sims@outlook.com
242.133.4.363,2016-12-29 05:26,Multi-Color Transfer Stickers,Emily.Chapman@outlook.com
242.133.4.269,2011-10-23 05:39,Die Cut Stickers,Abigail.Gonzalez@gmail.com
242.133.4.303,2016-12-24 09:21,Multi-Color Transfer Stickers,Rachel.Mason@outlook.com
242.133.4.241,2010-12-15 03:00,Rounded Corner Stickers,Charles_Torres@outlook.com
242.133.4.271,2013-06-19 21:42,Custom Clear Stickers,Rachel.Carter@yahoo.com
242.133.4.255,2016-07-10 08:55,Custom Cling Stickers,Rachel.Clark@outlook.com
242.133.4.318,2015-05-30 10:23,Transfer Stickers,David_Pena@outlook.com
242.133.4.297,2013-07-27 13:40,Custom Clear Stickers,Jane.Ward@outlook.com
242.133.4.229,2015-08-24 06:40,Design Your Own Vinyl Lettering,David_Reed@outlook.com
242.133.4.214,2013-11-21 14:32,Custom Cling Stickers,Elizabeth.Carter@outlook.com
242.133.4.268,2015-04-06 02:50,Multi-Color Transfer Stickers,Richard_Adams@yahoo.com
,,,
